mutant,score
L59Q,1.014096
L59R,0.978401
L59P,0.0646159999999999
L59T,1.011075
L59S,1.051531
L59E,1.033008
L59A,1.046407
L59D,1.008731
L59M,1.043491
L59H,1.032458
L59K,1.049564
W60T,0.003679
W60V,0.254576
W60L,0.300827
W60A,0.029715
W60I,0.26545
D61L,0.979357
D61M,0.989308
D61Q,0.894043
D61K,0.889875
D61E,1.013351
D61I,0.748272
D61A,0.979132
D61V,0.8901389999999999
D61Y,0.97338
D61R,0.59311
D61T,0.996487
D61S,0.992173
K64A,1.122629
K64E,0.892977
K64F,1.102657
K64I,1.113402
K64L,1.080144
K64M,1.076292
K64R,1.087159
K64V,0.8256549999999999
K64W,1.018563
