mutant,score,esm_if1_gvp4_t16_142M_UR50,esm_if1_gvp4_t16_142M_UR50
L59Q,1.014096,-15.554325103759766,-15.554325103759766
L59R,0.978401,-15.549510955810547,-15.549510955810547
L59P,0.0646159999999999,-15.563361167907715,-15.563361167907715
L59T,1.011075,-15.559368133544922,-15.559368133544922
L59S,1.051531,-15.56313705444336,-15.56313705444336
L59E,1.033008,-15.562627792358398,-15.562627792358398
L59A,1.046407,-15.54965591430664,-15.54965591430664
L59D,1.008731,-15.55831241607666,-15.55831241607666
L59M,1.043491,-15.567438125610352,-15.567438125610352
L59H,1.032458,-15.553735733032227,-15.553735733032227
L59K,1.049564,-15.551453590393066,-15.551453590393066
W60T,0.003679,-15.559144973754883,-15.559144973754883
W60V,0.254576,-15.552057266235352,-15.552057266235352
W60L,0.300827,-15.558238983154297,-15.558238983154297
W60A,0.029715,-15.565688133239746,-15.565688133239746
W60I,0.26545,-15.565608024597168,-15.565608024597168
D61L,0.979357,-15.562738418579102,-15.562738418579102
D61M,0.989308,-15.562664985656738,-15.562664985656738
D61Q,0.894043,-15.564424514770508,-15.564424514770508
D61K,0.889875,-15.562106132507324,-15.562106132507324
D61E,1.013351,-15.560696601867676,-15.560696601867676
D61I,0.748272,-15.561025619506836,-15.561025619506836
D61A,0.979132,-15.564718246459961,-15.564718246459961
D61V,0.8901389999999999,-15.560526847839355,-15.560526847839355
D61Y,0.97338,-15.558168411254883,-15.558168411254883
D61R,0.59311,-15.561358451843262,-15.561358451843262
D61T,0.996487,-15.563261032104492,-15.563261032104492
D61S,0.992173,-15.56668472290039,-15.56668472290039
K64A,1.122629,-15.561006546020508,-15.561006546020508
K64E,0.892977,-15.562928199768066,-15.562928199768066
K64F,1.102657,-15.55882740020752,-15.55882740020752
K64I,1.113402,-15.553117752075195,-15.553117752075195
K64L,1.080144,-15.555007934570312,-15.555007934570312
K64M,1.076292,-15.565958976745605,-15.565958976745605
K64R,1.087159,-15.55321979522705,-15.55321979522705
K64V,0.8256549999999999,-15.559150695800781,-15.559150695800781
K64W,1.018563,-15.551102638244629,-15.551102638244629
