mutant,score,esm_if1_gvp4_t16_142M_UR50,esm_if1_gvp4_t16_142M_UR50
D103A,1.5439323050000002,-17.05976676940918,-17.05976676940918
D103E,1.6103073140000002,-17.05698013305664,-17.05698013305664
D103N,1.598294713,-17.05780792236328,-17.05780792236328
D139E,1.664214576,-17.056676864624023,-17.056676864624023
F108L,1.6273571919999998,-17.06337547302246,-17.06337547302246
F108Y,0.0,-17.059295654296875,-17.059295654296875
F124A,1.175348461142857,-17.05974769592285,-17.05974769592285
F124I,1.527067935,-17.05497932434082,-17.05497932434082
F124W,1.162099572,-17.059602737426758,-17.059602737426758
I128A,1.5927216240000002,-17.056137084960938,-17.056137084960938
I142A,1.317032637,-17.058284759521484,-17.058284759521484
I142W,1.09132708,-17.062379837036133,-17.062379837036133
K118D,1.6621124369999998,-17.058914184570312,-17.058914184570312
K140R,1.577989742,-17.056652069091797,-17.056652069091797
K140S,1.311918215,-17.05804443359375,-17.05804443359375
L113A,1.6216774619999998,-17.055646896362305,-17.055646896362305
L113F,1.339101553,-17.056987762451172,-17.056987762451172
L113W,1.266812855,-17.062143325805664,-17.062143325805664
L123A,1.2324764398333334,-17.059749603271484,-17.059749603271484
L137A,1.645363015,-17.057703018188477,-17.057703018188477
L137W,1.158584898,-17.056400299072266,-17.056400299072266
M107A,1.22296580725,-17.055681228637695,-17.055681228637695
N112E,1.5633394930000002,-17.057666778564453,-17.057666778564453
N116D,1.667267101,-17.058738708496094,-17.058738708496094
N116E,1.283787331,-17.063674926757812,-17.063674926757812
S101D,1.589923273,-17.060365676879883,-17.060365676879883
S122P,1.42209935325,-17.055849075317383,-17.055849075317383
T102V,1.656925836,-17.058929443359375,-17.058929443359375
T105V,1.429237561,-17.05982780456543,-17.05982780456543
V135A,1.4854649,-17.0609188079834,-17.0609188079834
W120A,1.1372832875,-17.0579833984375,-17.0579833984375
Y110A,1.378046655,-17.060623168945312,-17.060623168945312
Y110F,1.613141076,-17.058155059814453,-17.058155059814453
